"Date ","series ","OPEN ","HIGH ","LOW ","PREV. CLOSE ","ltp ","close ","vwap ","52W H ","52W L ","VOLUME ","VALUE ","No of trades "
"02-Jul-2025","EQ","1,432.20","1,451.00","1,422.60","1,432.00","1,427.80","1,427.80","1,430.58","1,471.60","1,153.00","1,33,72,280","19,13,01,57,807.70","2,13,176"
"01-Jul-2025","EQ","1,445.70","1,447.60","1,429.60","1,445.80","1,431.70","1,432.00","1,435.52","1,471.60","1,153.00","77,61,449","11,14,17,35,649.70","1,85,345"
"30-Jun-2025","EQ","1,461.80","1,461.90","1,442.30","1,462.20","1,449.00","1,445.80","1,449.97","1,471.60","1,153.00","63,25,073","9,17,11,82,603.20","1,87,773"
"27-Jun-2025","EQ","1,438.90","1,466.00","1,437.10","1,439.10","1,457.90","1,462.20","1,457.56","1,471.60","1,152.65","2,25,32,899","32,84,30,85,618.20","2,17,058"
"26-Jun-2025","EQ","1,424.80","1,447.50","1,421.70","1,425.80","1,440.00","1,439.10","1,436.85","1,471.60","1,152.65","1,36,17,435","19,56,62,10,028.90","2,20,490"
"25-Jun-2025","EQ","1,422.00","1,428.90","1,415.30","1,424.10","1,424.50","1,425.80","1,423.08","1,471.60","1,152.65","75,27,388","10,71,20,47,350.90","1,47,548"
"24-Jun-2025","EQ","1,427.70","1,435.90","1,416.50","1,420.10","1,424.00","1,424.10","1,425.61","1,471.60","1,152.65","1,11,88,438","15,95,03,52,718.80","1,88,014"
"23-Jun-2025","EQ","1,417.00","1,423.20","1,411.90","1,427.10","1,419.10","1,420.10","1,417.98","1,471.60","1,152.65","55,14,384","7,81,93,02,210.20","1,60,229"
"20-Jun-2025","EQ","1,411.30","1,433.30","1,410.20","1,411.30","1,426.40","1,427.10","1,426.55","1,471.60","1,101.20","1,24,08,178","17,70,08,87,653.80","1,60,865"
"19-Jun-2025","EQ","1,408.00","1,414.70","1,404.70","1,412.60","1,410.00","1,411.30","1,409.62","1,471.60","1,101.20","88,49,883","12,47,49,98,015.50","3,42,983"
"18-Jun-2025","EQ","1,417.00","1,432.00","1,410.20","1,423.20","1,413.00","1,412.60","1,415.55","1,471.60","1,101.20","67,51,745","9,55,74,44,212.10","1,62,388"
"17-Jun-2025","EQ","1,426.90","1,429.80","1,417.80","1,426.90","1,422.00","1,423.20","1,423.27","1,471.60","1,101.20","69,70,098","9,92,02,98,395.00","1,93,761"
"16-Jun-2025","EQ","1,416.60","1,429.00","1,414.20","1,416.10","1,427.90","1,426.90","1,423.44","1,471.60","1,101.20","54,51,137","7,75,93,40,748.40","89,237"
"13-Jun-2025","EQ","1,403.60","1,421.50","1,403.60","1,425.20","1,417.70","1,416.10","1,413.67","1,471.60","1,099.45","75,73,103","10,70,58,43,818.30","1,88,584"
"12-Jun-2025","EQ","1,430.50","1,436.50","1,420.00","1,431.00","1,424.50","1,425.20","1,425.62","1,471.60","1,099.45","79,53,247","11,33,82,80,353.60","1,84,161"
"11-Jun-2025","EQ","1,421.80","1,434.50","1,418.60","1,422.90","1,430.30","1,431.00","1,430.07","1,471.60","1,099.45","71,36,877","10,20,62,08,002.70","2,34,139"
"10-Jun-2025","EQ","1,439.00","1,441.70","1,416.50","1,434.80","1,421.80","1,422.90","1,422.89","1,471.60","1,099.45","1,29,05,272","18,36,28,44,057.10","3,76,346"
"09-Jun-2025","EQ","1,465.00","1,466.80","1,433.40","1,459.70","1,434.50","1,434.80","1,441.92","1,471.60","1,099.45","1,10,22,031","15,89,28,38,386.70","3,37,749"
"06-Jun-2025","EQ","1,448.60","1,461.40","1,442.10","1,454.80","1,460.00","1,459.70","1,455.63","1,471.60","1,051.05","1,15,80,994","16,85,76,21,605.20","2,15,279"
"05-Jun-2025","EQ","1,430.90","1,459.00","1,427.30","1,431.00","1,456.30","1,454.80","1,448.79","1,471.60","1,051.05","1,13,85,668","16,49,53,94,104.40","1,76,086"
"04-Jun-2025","EQ","1,437.40","1,440.10","1,426.40","1,437.90","1,431.10","1,431.00","1,430.63","1,471.60","1,051.05","80,25,388","11,48,13,43,481.90","1,47,312"
"03-Jun-2025","EQ","1,454.90","1,455.00","1,432.00","1,450.50","1,437.00","1,437.90","1,438.02","1,471.60","1,051.05","1,11,67,345","16,05,88,76,541.30","2,25,871"
"02-Jun-2025","EQ","1,442.00","1,460.00","1,432.80","1,445.80","1,447.70","1,450.50","1,442.40","1,471.60","1,051.05","94,58,990","13,64,36,23,560.30","1,78,241"
"30-May-2025","EQ","1,459.90","1,460.90","1,444.30","1,456.50","1,446.10","1,445.80","1,449.04","1,471.60","1,051.05","1,18,03,975","17,10,44,65,533.30","1,55,611"
"29-May-2025","EQ","1,456.60","1,462.90","1,445.00","1,453.80","1,461.00","1,456.50","1,452.26","1,471.60","1,051.05","1,55,45,514","22,57,61,88,990.20","2,10,205"
"28-May-2025","EQ","1,447.60","1,458.00","1,442.50","1,446.40","1,452.90","1,453.80","1,452.83","1,471.60","1,051.05","86,18,343","12,52,10,29,815.60","1,35,239"
"27-May-2025","EQ","1,452.50","1,463.00","1,435.70","1,460.60","1,445.30","1,446.40","1,445.59","1,471.60","1,051.05","1,48,42,959","21,45,68,11,800.60","2,21,484"
"26-May-2025","EQ","1,458.00","1,471.60","1,455.00","1,449.80","1,460.50","1,460.60","1,460.94","1,471.60","1,051.05","56,08,725","8,19,39,94,503.70","1,89,038"
"23-May-2025","EQ","1,442.20","1,451.80","1,434.40","1,442.10","1,450.50","1,449.80","1,446.83","1,459.70","1,051.05","52,03,706","7,52,88,52,323.30","1,13,699"
"22-May-2025","EQ","1,441.10","1,445.30","1,427.80","1,444.70","1,440.00","1,442.10","1,435.62","1,459.70","1,051.05","72,45,933","10,40,23,74,075.40","1,47,665"
"21-May-2025","EQ","1,442.90","1,451.30","1,438.50","1,438.20","1,445.40","1,444.70","1,445.11","1,459.70","1,051.05","55,10,460","7,96,32,42,254.50","1,06,396"
"20-May-2025","EQ","1,450.20","1,459.00","1,435.50","1,449.00","1,439.50","1,438.20","1,440.54","1,459.70","1,051.05","1,13,52,383","16,35,35,93,402.10","1,28,816"
"19-May-2025","EQ","1,446.50","1,459.70","1,443.80","1,454.00","1,447.00","1,449.00","1,451.29","1,459.70","1,051.05","60,05,334","8,71,55,02,198.10","1,39,810"
"16-May-2025","EQ","1,453.30","1,458.70","1,447.00","1,450.80","1,452.40","1,454.00","1,454.25","1,458.70","1,051.05","64,39,208","9,36,42,46,054.90","1,45,344"
"15-May-2025","EQ","1,425.90","1,456.50","1,415.50","1,426.20","1,451.00","1,450.80","1,438.96","1,456.50","1,051.05","1,82,09,264","26,20,23,83,268.60","2,11,899"
"14-May-2025","EQ","1,429.90","1,440.70","1,417.30","1,430.60","1,427.40","1,426.20","1,427.87","1,453.00","1,051.05","80,26,837","11,46,13,11,035.00","1,43,054"
"13-May-2025","EQ","1,440.10","1,447.90","1,427.40","1,448.50","1,430.80","1,430.60","1,432.31","1,453.00","1,051.05","1,24,75,424","17,86,86,17,217.50","2,09,013"
"12-May-2025","EQ","1,409.40","1,453.00","1,404.00","1,388.90","1,451.50","1,448.50","1,436.69","1,453.00","1,051.05","99,25,445","14,25,98,37,185.10","1,80,758"
"09-May-2025","EQ","1,415.20","1,419.90","1,387.00","1,435.50","1,389.00","1,388.90","1,394.54","1,448.90","1,051.05","1,34,91,197","18,81,40,33,148.00","2,48,736"
"08-May-2025","EQ","1,438.60","1,448.90","1,426.10","1,435.40","1,427.30","1,435.50","1,439.49","1,448.90","1,051.05","1,53,06,490","22,03,35,10,832.00","1,82,407"
"07-May-2025","EQ","1,425.00","1,442.00","1,421.00","1,431.60","1,437.10","1,435.40","1,431.25","1,446.80","1,051.05","1,04,80,453","15,00,01,67,610.70","1,66,481"
"06-May-2025","EQ","1,429.00","1,433.70","1,420.40","1,429.40","1,430.00","1,431.60","1,428.23","1,446.80","1,051.05","63,01,690","9,00,02,65,687.10","1,33,476"
"05-May-2025","EQ","1,440.00","1,446.80","1,426.00","1,432.40","1,427.40","1,429.40","1,432.29","1,446.80","1,051.05","45,65,705","6,53,93,97,953.40","1,15,354"
"02-May-2025","EQ","1,426.90","1,446.60","1,424.60","1,427.00","1,429.00","1,432.40","1,436.51","1,446.60","1,051.05","1,07,63,492","15,46,18,19,959.10","1,70,242"
"30-Apr-2025","EQ","1,433.00","1,433.70","1,400.00","1,429.80","1,424.30","1,427.00","1,427.91","1,438.30","1,051.05","1,41,92,027","20,26,49,76,307.30","2,38,248"
"29-Apr-2025","EQ","1,428.80","1,438.30","1,422.60","1,428.80","1,425.50","1,429.80","1,428.52","1,438.30","1,051.05","1,07,86,910","15,40,92,65,024.50","2,23,499"
"28-Apr-2025","EQ","1,405.60","1,435.00","1,403.80","1,404.80","1,428.00","1,428.80","1,427.33","1,436.00","1,051.05","1,09,48,561","15,62,71,94,700.70","1,92,819"
"25-Apr-2025","EQ","1,410.00","1,414.80","1,388.40","1,402.70","1,403.00","1,404.80","1,400.91","1,436.00","1,051.05","1,17,05,093","16,39,77,82,261.90","2,34,552"
"24-Apr-2025","EQ","1,416.30","1,421.20","1,398.80","1,424.40","1,401.00","1,402.70","1,407.84","1,436.00","1,051.05","1,56,78,099","22,07,22,10,947.60","2,10,098"
"23-Apr-2025","EQ","1,429.00","1,429.90","1,411.30","1,416.50","1,422.00","1,424.40","1,421.06","1,436.00","1,051.05","1,39,90,764","19,88,16,70,203.60","2,20,724"
"22-Apr-2025","EQ","1,412.80","1,418.80","1,398.90","1,409.80","1,414.00","1,416.50","1,410.65","1,436.00","1,051.05","1,61,35,274","22,76,11,77,353.90","2,75,616"
"21-Apr-2025","EQ","1,436.00","1,436.00","1,404.70","1,406.70","1,408.10","1,409.80","1,416.70","1,436.00","1,051.05","1,68,82,426","23,91,74,04,930.60","2,91,654"
"17-Apr-2025","EQ","1,362.00","1,408.90","1,360.10","1,356.40","1,407.00","1,406.70","1,391.92","1,408.90","1,048.10","1,74,90,424","24,34,51,98,635.10","2,94,006"
"16-Apr-2025","EQ","1,357.00","1,359.70","1,342.90","1,350.20","1,358.00","1,356.40","1,350.44","1,373.00","1,048.10","1,40,39,073","18,95,89,40,775.00","1,80,990"
"15-Apr-2025","EQ","1,351.00","1,354.30","1,336.20","1,311.65","1,350.40","1,350.20","1,347.70","1,373.00","1,048.10","1,52,02,603","20,48,85,28,370.70","2,22,333"
"11-Apr-2025","EQ","1,305.10","1,325.00","1,305.10","1,300.80","1,312.05","1,311.65","1,314.61","1,373.00","1,048.10","1,30,64,247","17,17,43,25,317.90","2,24,885"
"09-Apr-2025","EQ","1,304.95","1,305.10","1,284.50","1,299.90","1,304.00","1,300.80","1,296.12","1,373.00","1,048.10","1,30,05,622","16,85,69,03,289.70","2,37,174"
"08-Apr-2025","EQ","1,299.85","1,310.05","1,287.35","1,287.55","1,300.05","1,299.90","1,298.35","1,373.00","1,048.10","1,30,85,762","16,98,99,34,735.70","1,71,223"
"07-Apr-2025","EQ","1,295.25","1,325.00","1,265.00","1,335.30","1,294.10","1,287.55","1,290.47","1,373.00","1,048.10","1,91,85,012","24,75,76,11,797.90","5,15,573"
"04-Apr-2025","EQ","1,329.55","1,338.55","1,322.10","1,329.55","1,335.00","1,335.30","1,331.60","1,373.00","1,048.10","86,48,542","11,51,64,14,124.30","1,66,068"
"03-Apr-2025","EQ","1,321.95","1,333.00","1,321.25","1,331.25","1,328.95","1,329.55","1,328.60","1,373.00","1,048.10","45,91,008","6,09,96,29,464.80","1,27,085"
"02-Apr-2025","EQ","1,322.15","1,337.95","1,322.15","1,318.45","1,330.85","1,331.25","1,330.74","1,373.00","1,048.10","80,42,214","10,70,21,34,959.60","1,27,734"
"01-Apr-2025","EQ","1,340.00","1,352.35","1,315.40","1,348.35","1,318.15","1,318.45","1,326.83","1,373.00","1,048.10","1,42,88,024","18,95,77,34,985.95","2,06,118"
"28-Mar-2025","EQ","1,336.00","1,357.95","1,327.20","1,336.65","1,348.00","1,348.35","1,345.90","1,373.00","1,048.10","82,66,544","11,12,59,00,933.90","1,42,133"
"27-Mar-2025","EQ","1,333.15","1,351.50","1,333.15","1,335.90","1,339.00","1,336.65","1,340.70","1,373.00","1,048.10","1,51,09,614","20,25,74,03,852.90","1,87,305"
"26-Mar-2025","EQ","1,344.05","1,358.00","1,331.50","1,343.70","1,335.45","1,335.90","1,341.51","1,373.00","1,048.10","1,08,59,639","14,56,83,52,861.70","1,97,579"
"25-Mar-2025","EQ","1,359.00","1,363.80","1,330.05","1,358.15","1,341.95","1,343.70","1,345.81","1,373.00","1,048.10","1,64,19,207","22,09,70,82,282.10","3,26,362"
"24-Mar-2025","EQ","1,355.95","1,373.00","1,345.05","1,343.10","1,361.20","1,358.15","1,358.95","1,373.00","1,048.10","93,52,280","12,70,92,78,600.90","2,03,054"
"21-Mar-2025","EQ","1,316.00","1,349.00","1,311.60","1,321.70","1,337.95","1,343.10","1,341.59","1,362.35","1,048.10","6,04,94,318","81,15,85,65,386.50","3,44,744"
"20-Mar-2025","EQ","1,320.00","1,324.25","1,311.05","1,313.10","1,318.55","1,321.70","1,319.08","1,362.35","1,048.10","1,08,86,735","14,36,04,81,637.45","2,52,535"
"19-Mar-2025","EQ","1,305.60","1,318.30","1,302.15","1,309.85","1,316.00","1,313.10","1,311.61","1,362.35","1,048.10","1,12,78,014","14,79,23,32,058.70","2,44,205"
"18-Mar-2025","EQ","1,285.50","1,313.85","1,280.65","1,269.00","1,311.50","1,309.85","1,299.54","1,362.35","1,048.10","1,56,45,427","20,33,18,86,817.15","3,37,230"
"17-Mar-2025","EQ","1,257.05","1,273.95","1,254.75","1,250.05","1,268.65","1,269.00","1,267.47","1,362.35","1,048.10","1,11,64,882","14,15,11,49,490.55","2,26,414"
"13-Mar-2025","EQ","1,251.05","1,255.60","1,245.30","1,243.95","1,248.65","1,250.05","1,250.96","1,362.35","1,048.10","81,32,940","10,17,39,84,588.65","1,90,526"
"12-Mar-2025","EQ","1,246.95","1,251.95","1,235.30","1,245.40","1,244.45","1,243.95","1,243.37","1,362.35","1,048.10","1,15,48,372","14,35,88,54,881.85","1,97,340"
"11-Mar-2025","EQ","1,217.20","1,248.00","1,217.20","1,214.85","1,244.15","1,245.40","1,238.81","1,362.35","1,048.10","1,09,27,950","13,53,76,05,281.45","2,38,907"
"10-Mar-2025","EQ","1,208.00","1,225.80","1,208.00","1,214.55","1,212.90","1,214.85","1,218.50","1,362.35","1,048.10","73,63,437","8,97,23,40,771.15","1,52,261"
"07-Mar-2025","EQ","1,211.10","1,217.85","1,206.30","1,218.05","1,213.40","1,214.55","1,213.63","1,362.35","1,048.10","66,20,284","8,03,45,43,520.35","1,18,643"
"06-Mar-2025","EQ","1,227.95","1,227.95","1,209.00","1,215.70","1,219.80","1,218.05","1,217.04","1,362.35","1,048.10","1,19,49,475","14,54,30,33,343.20","2,50,155"
"05-Mar-2025","EQ","1,217.00","1,225.95","1,211.30","1,210.40","1,215.00","1,215.70","1,216.73","1,362.35","1,048.10","90,52,846","11,01,48,65,217.65","1,99,811"
"04-Mar-2025","EQ","1,207.15","1,216.65","1,206.25","1,206.20","1,212.80","1,210.40","1,210.78","1,362.35","1,048.10","95,74,490","11,59,26,01,922.90","1,69,550"
"03-Mar-2025","EQ","1,210.50","1,217.00","1,204.15","1,204.10","1,208.70","1,206.20","1,209.49","1,362.35","1,048.10","81,58,881","9,86,80,73,967.35","2,08,311"
"28-Feb-2025","EQ","1,216.00","1,225.00","1,200.10","1,222.45","1,201.10","1,204.10","1,208.91","1,362.35","1,038.50","2,02,15,075","24,43,82,00,772.65","2,68,866"
"27-Feb-2025","EQ","1,225.15","1,234.85","1,218.45","1,224.15","1,220.00","1,222.45","1,226.56","1,362.35","1,038.50","1,20,08,162","14,72,87,53,125.00","2,34,248"
"25-Feb-2025","EQ","1,226.60","1,231.65","1,221.00","1,218.35","1,225.80","1,224.15","1,225.00","1,362.35","1,038.50","1,10,59,417","13,54,77,35,420.80","1,99,168"
"24-Feb-2025","EQ","1,226.70","1,231.90","1,210.25","1,232.95","1,219.70","1,218.35","1,217.57","1,362.35","1,038.50","1,15,22,480","14,02,93,88,111.95","2,06,398"
"21-Feb-2025","EQ","1,241.10","1,244.70","1,224.55","1,249.95","1,232.00","1,232.95","1,233.19","1,362.35","1,023.35","77,86,428","9,60,21,12,287.65","1,78,759"
"20-Feb-2025","EQ","1,255.35","1,264.00","1,246.75","1,261.65","1,248.15","1,249.95","1,252.30","1,362.35","1,023.35","83,98,849","10,51,78,47,931.90","2,04,041"
"19-Feb-2025","EQ","1,234.85","1,264.45","1,230.25","1,243.05","1,261.50","1,261.65","1,253.91","1,362.35","1,023.35","1,06,83,412","13,39,60,72,372.50","1,64,771"
"18-Feb-2025","EQ","1,252.90","1,257.60","1,237.05","1,251.15","1,242.55","1,243.05","1,242.37","1,362.35","1,023.35","81,35,042","10,10,67,08,536.60","2,57,996"
"17-Feb-2025","EQ","1,251.15","1,258.15","1,233.25","1,260.10","1,251.65","1,251.15","1,244.89","1,362.35","1,023.35","83,86,151","10,43,98,44,806.35","2,94,062"
"14-Feb-2025","EQ","1,252.10","1,263.50","1,244.45","1,248.90","1,259.00","1,260.10","1,254.48","1,362.35","985.25","1,03,68,438","13,00,69,59,974.75","2,89,728"
"13-Feb-2025","EQ","1,252.55","1,266.00","1,245.90","1,251.80","1,248.50","1,248.90","1,254.61","1,362.35","985.25","72,63,785","9,11,32,47,793.40","2,61,567"
"12-Feb-2025","EQ","1,257.20","1,269.75","1,244.65","1,252.75","1,252.85","1,251.80","1,252.33","1,362.35","985.25","88,09,352","11,03,22,00,057.65","3,20,587"
"11-Feb-2025","EQ","1,255.85","1,261.85","1,248.40","1,262.60","1,248.55","1,252.75","1,254.67","1,362.35","985.25","65,86,627","8,26,40,43,638.70","1,74,408"
"10-Feb-2025","EQ","1,257.20","1,265.00","1,249.35","1,256.90","1,259.60","1,262.60","1,257.56","1,362.35","985.25","57,40,361","7,21,88,36,541.20","1,80,650"
"07-Feb-2025","EQ","1,272.00","1,275.00","1,249.55","1,272.40","1,257.00","1,256.90","1,258.99","1,362.35","985.25","73,82,039","9,29,38,77,445.05","1,91,355"
"06-Feb-2025","EQ","1,275.00","1,279.00","1,263.20","1,267.70","1,272.00","1,272.40","1,270.57","1,362.35","985.25","83,96,554","10,66,84,40,486.05","2,26,596"
"05-Feb-2025","EQ","1,270.20","1,277.75","1,265.15","1,268.20","1,268.20","1,267.70","1,270.65","1,362.35","985.25","68,40,709","8,69,21,68,613.10","1,83,398"
"04-Feb-2025","EQ","1,262.80","1,280.50","1,260.00","1,253.00","1,266.75","1,268.20","1,270.45","1,362.35","985.25","1,48,39,077","18,85,23,69,674.65","2,59,371"
"03-Feb-2025","EQ","1,246.85","1,260.00","1,237.80","1,255.55","1,252.95","1,253.00","1,250.06","1,362.35","985.25","61,76,831","7,72,14,38,599.85","1,65,087"
"01-Feb-2025","EQ","1,251.15","1,261.35","1,233.80","1,252.80","1,254.50","1,255.55","1,250.34","1,362.35","985.25","30,11,914","3,76,59,27,780.55","91,971"
"31-Jan-2025","EQ","1,254.50","1,256.00","1,239.10","1,255.60","1,252.95","1,252.80","1,247.43","1,362.35","985.25","1,01,95,417","12,71,80,79,791.90","2,09,906"
"30-Jan-2025","EQ","1,250.00","1,259.85","1,239.50","1,251.65","1,258.55","1,255.60","1,250.26","1,362.35","985.25","1,19,21,041","14,90,43,52,647.05","3,31,765"
"29-Jan-2025","EQ","1,252.00","1,255.80","1,243.05","1,246.90","1,251.40","1,251.65","1,249.62","1,362.35","985.25","76,66,777","9,58,05,25,136.65","2,19,085"
"28-Jan-2025","EQ","1,247.35","1,264.00","1,236.00","1,227.95","1,247.50","1,246.90","1,252.87","1,362.35","985.25","1,80,66,499","22,63,49,05,165.95","3,56,462"
"27-Jan-2025","EQ","1,195.00","1,234.65","1,193.10","1,209.20","1,225.25","1,227.95","1,224.23","1,362.35","985.25","1,61,64,687","19,78,93,27,544.65","3,24,795"
"24-Jan-2025","EQ","1,203.10","1,218.00","1,202.00","1,201.75","1,213.70","1,209.20","1,209.19","1,362.35","985.25","92,16,792","11,14,48,44,611.20","2,21,872"
"23-Jan-2025","EQ","1,197.25","1,207.90","1,186.00","1,200.45","1,202.40","1,201.75","1,201.27","1,362.35","985.25","87,70,650","10,53,58,75,098.80","2,11,991"
"22-Jan-2025","EQ","1,201.00","1,207.50","1,191.80","1,196.15","1,198.60","1,200.45","1,199.65","1,362.35","985.25","1,03,77,123","12,44,89,45,781.30","2,69,148"
"21-Jan-2025","EQ","1,236.95","1,238.95","1,192.70","1,232.95","1,197.95","1,196.15","1,207.07","1,362.35","985.25","2,05,20,898","24,77,02,61,514.45","2,97,691"
"20-Jan-2025","EQ","1,223.90","1,241.75","1,215.25","1,225.45","1,232.55","1,232.95","1,229.43","1,362.35","985.25","76,76,418","9,43,76,03,015.10","2,40,948"
"17-Jan-2025","EQ","1,243.35","1,249.00","1,218.00","1,249.10","1,225.15","1,225.45","1,226.59","1,362.35","970.15","97,90,533","12,00,89,37,114.35","1,57,327"
"16-Jan-2025","EQ","1,245.10","1,255.50","1,239.65","1,238.25","1,252.95","1,249.10","1,247.22","1,362.35","970.15","1,18,95,924","14,83,68,43,996.05","1,81,488"
"15-Jan-2025","EQ","1,234.00","1,244.40","1,230.00","1,240.30","1,238.90","1,238.25","1,237.19","1,362.35","970.15","53,55,382","6,62,56,07,806.60","1,33,555"
"14-Jan-2025","EQ","1,233.35","1,244.85","1,227.45","1,229.75","1,242.95","1,240.30","1,236.06","1,362.35","970.15","1,03,42,698","12,78,42,18,741.00","2,10,917"
"13-Jan-2025","EQ","1,234.90","1,243.95","1,224.90","1,249.85","1,230.90","1,229.75","1,232.97","1,362.35","970.15","96,69,336","11,92,20,19,625.60","2,04,083"
"10-Jan-2025","EQ","1,259.00","1,264.95","1,243.10","1,262.40","1,251.35","1,249.85","1,250.93","1,362.35","970.15","78,54,524","9,82,54,30,299.90","2,28,905"
"09-Jan-2025","EQ","1,258.00","1,264.75","1,248.10","1,263.75","1,263.50","1,262.40","1,257.24","1,362.35","970.15","86,84,920","10,91,90,31,736.80","1,61,005"
"08-Jan-2025","EQ","1,280.55","1,285.00","1,252.35","1,279.25","1,265.00","1,263.75","1,264.70","1,362.35","970.15","75,66,309","9,56,91,13,937.25","1,86,833"
"07-Jan-2025","EQ","1,266.50","1,288.95","1,266.50","1,264.10","1,280.60","1,279.25","1,280.35","1,362.35","970.15","75,39,758","9,65,35,65,084.15","1,53,173"
"06-Jan-2025","EQ","1,268.05","1,277.75","1,257.00","1,265.05","1,266.00","1,264.10","1,265.34","1,362.35","970.15","75,04,047","9,49,51,49,142.20","2,36,168"
"03-Jan-2025","EQ","1,286.20","1,288.00","1,262.25","1,290.60","1,265.60","1,265.05","1,269.40","1,362.35","970.15","1,11,94,997","14,21,09,18,649.70","2,19,218"
"02-Jan-2025","EQ","1,285.10","1,293.40","1,278.40","1,283.65","1,291.00","1,290.60","1,288.34","1,362.35","970.15","74,33,222","9,57,65,23,020.85","2,89,378"
"01-Jan-2025","EQ","1,281.65","1,293.00","1,267.10","1,281.65","1,283.85","1,283.65","1,283.92","1,362.35","970.15","47,05,399","6,04,13,47,562.15","1,52,286"
"31-Dec-2024","EQ","1,286.90","1,289.95","1,280.10","1,294.65","1,283.50","1,281.65","1,282.67","1,362.35","970.15","84,49,607","10,83,80,26,946.50","1,47,036"
"30-Dec-2024","EQ","1,304.95","1,326.50","1,289.45","1,307.55","1,293.45","1,294.65","1,303.69","1,362.35","970.15","1,42,07,425","18,52,20,89,560.05","2,58,242"
"27-Dec-2024","EQ","1,298.55","1,315.95","1,298.55","1,297.35","1,307.55","1,307.55","1,306.98","1,362.35","970.15","47,56,066","6,21,60,64,274.20","1,09,355"
"26-Dec-2024","EQ","1,307.00","1,312.75","1,289.20","1,297.25","1,297.00","1,297.35","1,296.86","1,362.35","970.15","73,38,444","9,51,69,53,866.75","1,91,694"
"24-Dec-2024","EQ","1,296.80","1,304.50","1,290.25","1,296.80","1,298.95","1,297.25","1,295.88","1,362.35","970.15","71,38,516","9,25,06,48,957.45","1,25,187"
"23-Dec-2024","EQ","1,294.65","1,307.00","1,287.05","1,288.40","1,297.35","1,296.80","1,295.12","1,362.35","970.15","68,27,512","8,84,24,49,619.05","2,08,282"
"20-Dec-2024","EQ","1,283.95","1,297.75","1,272.40","1,286.90","1,292.00","1,288.40","1,287.83","1,362.35","970.15","5,84,91,181","75,32,67,11,266.25","2,87,315"
"19-Dec-2024","EQ","1,286.00","1,303.00","1,284.45","1,314.15","1,289.50","1,286.90","1,290.73","1,362.35","970.15","1,15,17,304","14,86,57,36,643.05","2,41,978"
"18-Dec-2024","EQ","1,325.25","1,334.95","1,307.45","1,333.75","1,316.90","1,314.15","1,316.49","1,362.35","970.15","85,10,595","11,20,40,88,446.20","1,97,721"
"17-Dec-2024","EQ","1,342.00","1,348.10","1,326.05","1,346.10","1,334.00","1,333.75","1,333.43","1,362.35","970.15","98,79,257","13,17,33,06,009.95","2,08,644"
"16-Dec-2024","EQ","1,344.90","1,350.45","1,340.05","1,344.90","1,343.60","1,346.10","1,345.53","1,362.35","970.15","90,71,006","12,20,52,96,470.75","2,37,730"
"13-Dec-2024","EQ","1,325.35","1,347.15","1,313.50","1,329.25","1,345.45","1,344.90","1,334.68","1,362.35","970.15","1,35,36,684","18,06,71,55,840.10","2,26,965"
"12-Dec-2024","EQ","1,321.55","1,338.75","1,321.55","1,327.50","1,330.60","1,329.25","1,330.74","1,362.35","970.15","90,76,896","12,07,90,25,779.50","1,89,489"
"11-Dec-2024","EQ","1,324.70","1,331.25","1,316.00","1,330.45","1,328.00","1,327.50","1,325.69","1,362.35","970.15","81,38,066","10,78,85,13,650.25","1,77,570"
"10-Dec-2024","EQ","1,319.00","1,332.00","1,315.25","1,322.30","1,331.35","1,330.45","1,327.71","1,362.35","970.15","82,18,214","10,91,13,93,630.45","1,57,320"
"09-Dec-2024","EQ","1,322.10","1,329.05","1,320.25","1,328.75","1,323.50","1,322.30","1,323.57","1,362.35","970.15","80,00,764","10,58,95,99,383.15","1,48,025"
"06-Dec-2024","EQ","1,342.50","1,347.10","1,326.70","1,336.50","1,329.00","1,328.75","1,334.62","1,362.35","961.40","89,42,672","11,93,50,98,947.85","2,08,546"
"05-Dec-2024","EQ","1,316.25","1,342.90","1,308.60","1,316.05","1,336.55","1,336.50","1,329.38","1,362.35","961.40","1,92,10,697","25,53,82,93,421.05","2,81,891"
"04-Dec-2024","EQ","1,302.60","1,320.00","1,301.70","1,308.40","1,315.60","1,316.05","1,313.28","1,362.35","961.40","1,15,70,281","15,19,50,02,837.45","2,47,575"
"03-Dec-2024","EQ","1,303.95","1,312.80","1,296.10","1,304.65","1,306.75","1,308.40","1,306.89","1,362.35","961.40","1,15,09,276","15,04,13,01,418.20","2,35,915"
"02-Dec-2024","EQ","1,299.90","1,310.55","1,289.15","1,300.10","1,303.45","1,304.65","1,303.46","1,362.35","961.40","96,26,400","12,54,75,91,627.65","2,25,242"
"29-Nov-2024","EQ","1,283.10","1,303.25","1,283.10","1,286.35","1,298.70","1,300.10","1,296.93","1,362.35","921.70","1,13,97,228","14,78,14,29,160.60","2,42,391"
"28-Nov-2024","EQ","1,301.05","1,310.50","1,282.30","1,300.70","1,287.50","1,286.35","1,292.68","1,362.35","921.70","2,28,03,745","29,47,79,62,300.30","2,75,436"
"27-Nov-2024","EQ","1,298.50","1,310.85","1,297.85","1,304.95","1,301.25","1,300.70","1,302.15","1,362.35","921.70","2,19,38,082","28,56,66,03,156.60","2,22,370"
"26-Nov-2024","EQ","1,310.60","1,314.25","1,302.45","1,300.95","1,304.80","1,304.95","1,306.10","1,362.35","921.70","76,46,955","9,98,76,88,168.25","1,64,865"
"25-Nov-2024","EQ","1,296.00","1,311.20","1,290.00","1,278.05","1,303.00","1,300.95","1,302.41","1,362.35","921.70","2,27,17,581","29,58,75,14,842.45","2,05,883"
"22-Nov-2024","EQ","1,258.00","1,281.40","1,256.00","1,250.55","1,278.00","1,278.05","1,275.03","1,362.35","914.75","1,16,04,338","14,79,58,57,555.95","2,14,688"
"21-Nov-2024","EQ","1,248.55","1,256.90","1,232.55","1,249.10","1,255.85","1,250.55","1,247.38","1,362.35","914.75","95,93,870","11,96,71,89,179.00","2,09,109"
"19-Nov-2024","EQ","1,257.05","1,261.00","1,240.85","1,253.45","1,244.00","1,249.10","1,251.54","1,362.35","914.75","1,15,37,317","14,43,94,01,407.20","2,33,269"
"18-Nov-2024","EQ","1,260.00","1,262.60","1,249.40","1,256.95","1,252.25","1,253.45","1,254.62","1,362.35","914.75","61,95,554","7,77,30,53,428.25","2,04,301"
"14-Nov-2024","EQ","1,253.75","1,267.70","1,243.05","1,253.70","1,258.95","1,256.95","1,255.26","1,362.35","914.75","95,06,892","11,93,35,98,279.70","2,24,597"
"13-Nov-2024","EQ","1,270.60","1,276.25","1,250.00","1,270.60","1,258.00","1,253.70","1,261.05","1,362.35","914.75","1,22,60,404","15,46,09,65,858.00","2,58,070"
"12-Nov-2024","EQ","1,276.15","1,295.00","1,264.50","1,269.30","1,269.00","1,270.60","1,276.01","1,362.35","914.75","1,34,86,168","17,20,84,86,809.70","2,51,685"
"11-Nov-2024","EQ","1,262.00","1,275.90","1,246.65","1,258.85","1,268.65","1,269.30","1,266.04","1,362.35","914.75","83,87,780","10,61,92,76,125.00","1,93,310"
"08-Nov-2024","EQ","1,270.00","1,275.00","1,252.70","1,278.70","1,259.00","1,258.85","1,260.33","1,362.35","914.75","1,11,95,808","14,11,04,19,237.85","2,33,807"
"07-Nov-2024","EQ","1,297.15","1,302.80","1,275.25","1,302.35","1,279.75","1,278.70","1,282.48","1,362.35","914.75","99,09,035","12,70,81,18,911.40","1,85,720"
"06-Nov-2024","EQ","1,300.25","1,315.00","1,292.70","1,296.70","1,305.00","1,302.35","1,306.97","1,362.35","914.75","1,20,37,405","15,73,25,82,044.35","2,01,411"
"05-Nov-2024","EQ","1,273.00","1,301.30","1,263.10","1,277.20","1,291.60","1,296.70","1,284.33","1,362.35","914.75","1,64,31,920","21,10,40,80,468.90","2,62,702"
"04-Nov-2024","EQ","1,290.10","1,291.80","1,270.05","1,291.80","1,275.40","1,277.20","1,276.50","1,362.35","914.75","1,43,09,121","18,26,56,49,923.80","2,68,956"
"01-Nov-2024","EQ","1,289.95","1,296.20","1,286.25","1,292.25","1,291.90","1,291.80","1,292.11","1,362.35","908.20","10,07,022","1,30,11,80,367.65","40,161"
"31-Oct-2024","EQ","1,307.25","1,318.95","1,288.55","1,312.15","1,294.80","1,292.25","1,296.28","1,362.35","908.20","2,34,97,314","30,45,90,66,088.40","2,50,950"
"30-Oct-2024","EQ","1,324.00","1,330.90","1,305.60","1,331.85","1,313.00","1,312.15","1,312.80","1,362.35","908.20","1,50,55,031","19,76,42,32,516.20","2,85,240"
"29-Oct-2024","EQ","1,301.35","1,335.35","1,299.25","1,292.85","1,331.65","1,331.85","1,321.25","1,362.35","908.20","2,06,56,117","27,29,19,48,603.05","4,36,897"
"28-Oct-2024","EQ","1,285.50","1,307.80","1,280.60","1,255.45","1,294.40","1,292.85","1,296.93","1,362.35","908.20","2,40,96,412","31,25,13,79,929.30","6,19,071"
"25-Oct-2024","EQ","1,247.25","1,268.90","1,234.20","1,252.75","1,259.60","1,255.45","1,250.04","1,362.35","899.00","1,35,46,055","16,93,31,02,486.65","3,70,555"
"24-Oct-2024","EQ","1,250.25","1,260.45","1,241.05","1,251.60","1,254.70","1,252.75","1,252.73","1,362.35","899.00","1,22,23,031","15,31,21,32,847.55","3,13,840"
"23-Oct-2024","EQ","1,261.00","1,267.95","1,243.05","1,267.50","1,253.50","1,251.60","1,251.59","1,362.35","899.00","1,40,55,447","17,59,16,29,567.80","3,19,605"
"22-Oct-2024","EQ","1,266.60","1,284.90","1,259.75","1,259.05","1,268.35","1,267.50","1,273.05","1,362.35","899.00","2,00,90,801","25,57,65,70,325.35","4,08,613"
"21-Oct-2024","EQ","1,264.50","1,272.35","1,250.55","1,264.50","1,257.55","1,259.05","1,260.14","1,362.35","899.00","77,42,775","9,75,69,42,032.15","1,55,332"
"18-Oct-2024","EQ","1,227.95","1,268.90","1,225.25","1,231.25","1,267.00","1,264.50","1,256.38","1,362.35","899.00","1,10,18,126","13,84,29,29,408.20","2,29,878"
"17-Oct-2024","EQ","1,249.45","1,256.95","1,224.40","1,243.15","1,232.00","1,231.25","1,235.01","1,362.35","899.00","84,59,497","10,44,75,82,321.90","1,60,363"
"16-Oct-2024","EQ","1,248.50","1,254.95","1,241.60","1,255.50","1,245.00","1,243.15","1,247.54","1,362.35","899.00","78,69,727","9,81,78,09,931.20","2,07,420"
"15-Oct-2024","EQ","1,238.95","1,258.30","1,235.40","1,231.75","1,256.00","1,255.50","1,251.17","1,362.35","899.00","1,16,57,338","14,58,53,23,470.45","2,16,309"
"14-Oct-2024","EQ","1,221.00","1,237.90","1,217.40","1,223.00","1,234.20","1,231.75","1,232.07","1,362.35","899.00","1,18,33,929","14,58,02,70,211.55","2,30,853"
"11-Oct-2024","EQ","1,237.00","1,240.80","1,222.00","1,243.50","1,223.30","1,223.00","1,228.10","1,362.35","899.00","84,72,512","10,40,50,84,855.95","2,84,576"
"10-Oct-2024","EQ","1,246.75","1,254.70","1,238.00","1,244.15","1,244.00","1,243.50","1,244.67","1,362.35","899.00","91,18,195","11,34,91,42,276.10","2,65,371"
"09-Oct-2024","EQ","1,243.05","1,265.10","1,232.65","1,236.60","1,247.20","1,244.15","1,246.69","1,362.35","899.00","1,47,65,997","18,40,86,62,575.60","2,60,234"
"08-Oct-2024","EQ","1,241.00","1,247.80","1,229.75","1,233.90","1,236.70","1,236.60","1,238.70","1,362.35","899.00","1,22,19,259","15,13,59,72,486.95","2,57,858"
"07-Oct-2024","EQ","1,241.55","1,262.95","1,225.00","1,239.75","1,236.00","1,233.90","1,242.75","1,362.35","899.00","2,06,67,247","25,68,42,16,795.90","4,39,173"
"04-Oct-2024","EQ","1,247.10","1,264.40","1,236.20","1,256.35","1,240.95","1,239.75","1,248.43","1,362.35","899.00","1,34,88,887","16,83,98,82,681.70","3,26,830"
"03-Oct-2024","EQ","1,253.60","1,265.75","1,248.15","1,274.40","1,257.85","1,256.35","1,253.97","1,362.35","899.00","1,76,48,551","22,13,07,53,423.90","3,37,808"
"01-Oct-2024","EQ","1,269.80","1,280.25","1,267.60","1,273.00","1,277.00","1,274.40","1,274.08","1,362.35","899.00","1,09,72,413","13,97,97,58,159.00","1,91,587"
"30-Sep-2024","EQ","1,292.10","1,296.80","1,270.90","1,306.60","1,273.95","1,273.00","1,278.52","1,362.35","899.00","1,26,22,212","16,13,77,80,831.80","2,40,013"
"27-Sep-2024","EQ","1,333.00","1,333.00","1,303.85","1,329.05","1,306.50","1,306.60","1,312.54","1,362.35","899.00","1,71,17,379","22,46,71,83,500.85","2,89,431"
"26-Sep-2024","EQ","1,320.00","1,333.35","1,316.90","1,323.85","1,325.45","1,329.05","1,326.63","1,362.35","899.00","1,11,00,869","14,72,66,92,627.25","2,78,312"
"25-Sep-2024","EQ","1,310.75","1,327.75","1,310.10","1,318.60","1,326.00","1,323.85","1,322.81","1,362.35","899.00","87,28,019","11,54,55,32,561.70","1,74,582"
"24-Sep-2024","EQ","1,321.00","1,331.40","1,315.45","1,321.90","1,320.00","1,318.60","1,320.74","1,362.35","899.00","1,38,86,037","18,33,98,47,790.40","2,50,464"
"23-Sep-2024","EQ","1,331.00","1,331.80","1,308.50","1,338.45","1,322.00","1,321.90","1,320.13","1,362.35","899.00","1,13,80,409","15,02,36,16,031.40","3,09,380"
"20-Sep-2024","EQ","1,295.00","1,362.35","1,291.55","1,292.00","1,349.80","1,338.45","1,331.38","1,362.35","899.00","7,32,57,767","97,53,37,34,303.10","5,44,641"
"19-Sep-2024","EQ","1,288.35","1,300.00","1,285.35","1,288.35","1,292.60","1,292.00","1,293.40","1,300.00","899.00","1,31,72,268","17,03,69,55,554.90","2,10,277"
"18-Sep-2024","EQ","1,262.00","1,295.35","1,262.00","1,268.10","1,285.60","1,288.35","1,286.46","1,295.35","899.00","1,24,66,597","16,03,77,67,362.20","2,40,630"
"17-Sep-2024","EQ","1,259.95","1,272.25","1,258.40","1,262.85","1,266.20","1,268.10","1,267.18","1,272.25","899.00","1,15,13,121","14,58,91,89,437.25","2,04,010"
"16-Sep-2024","EQ","1,251.00","1,265.60","1,244.70","1,250.35","1,263.90","1,262.85","1,257.50","1,265.60","899.00","89,73,335","11,28,40,07,408.70","1,65,577"
"13-Sep-2024","EQ","1,252.00","1,255.95","1,242.05","1,252.15","1,248.50","1,250.35","1,249.50","1,257.80","899.00","98,77,288","12,34,16,63,943.30","2,68,203"
"12-Sep-2024","EQ","1,238.00","1,257.00","1,226.35","1,236.35","1,246.00","1,252.15","1,243.23","1,257.80","899.00","1,53,76,442","19,11,64,92,463.75","2,11,567"
"11-Sep-2024","EQ","1,231.50","1,239.30","1,226.40","1,237.30","1,238.00","1,236.35","1,234.69","1,257.80","899.00","1,19,93,242","14,80,79,86,266.10","1,83,989"
"10-Sep-2024","EQ","1,236.95","1,241.35","1,227.00","1,235.00","1,237.70","1,237.30","1,235.85","1,257.80","899.00","1,55,45,130","19,21,14,36,678.40","3,23,300"
"09-Sep-2024","EQ","1,202.90","1,238.30","1,200.45","1,208.15","1,233.45","1,235.00","1,225.45","1,257.80","899.00","1,38,63,250","16,98,86,66,399.95","2,41,629"
"06-Sep-2024","EQ","1,225.95","1,233.90","1,205.00","1,235.95","1,209.45","1,208.15","1,217.46","1,257.80","899.00","1,01,70,479","12,38,21,67,972.95","3,47,361"
"05-Sep-2024","EQ","1,238.00","1,244.85","1,231.30","1,236.35","1,235.35","1,235.95","1,235.75","1,257.80","899.00","91,42,811","11,29,82,02,305.60","1,60,981"
"04-Sep-2024","EQ","1,239.85","1,243.70","1,232.80","1,247.70","1,234.80","1,236.35","1,237.93","1,257.80","899.00","1,35,05,843","16,71,92,75,265.80","2,39,189"
"03-Sep-2024","EQ","1,227.20","1,250.95","1,220.40","1,229.95","1,247.00","1,247.70","1,236.45","1,257.80","899.00","1,91,14,907","23,63,47,02,771.55","2,41,160"
"02-Sep-2024","EQ","1,239.00","1,239.20","1,222.50","1,229.20","1,229.05","1,229.95","1,229.70","1,257.80","899.00","1,25,16,759","15,39,18,98,359.80","3,03,615"
"30-Aug-2024","EQ","1,230.00","1,235.55","1,218.90","1,221.90","1,232.00","1,229.20","1,228.19","1,257.80","899.00","2,12,11,148","26,05,13,02,724.15","2,80,420"
"29-Aug-2024","EQ","1,218.95","1,235.00","1,217.00","1,223.85","1,222.75","1,221.90","1,225.43","1,257.80","899.00","1,08,06,748","13,24,28,85,244.55","2,34,393"
"28-Aug-2024","EQ","1,222.65","1,226.40","1,217.30","1,226.35","1,221.00","1,223.85","1,223.20","1,257.80","899.00","1,22,91,305","15,03,47,80,643.15","1,89,822"
"27-Aug-2024","EQ","1,213.30","1,232.50","1,208.90","1,213.30","1,221.40","1,226.35","1,222.91","1,257.80","899.00","1,62,95,325","19,92,77,90,422.65","1,96,362"
"26-Aug-2024","EQ","1,205.55","1,214.95","1,201.05","1,203.50","1,213.80","1,213.30","1,211.00","1,257.80","899.00","1,09,20,226","13,22,44,00,323.25","1,49,344"
"23-Aug-2024","EQ","1,193.00","1,205.00","1,188.55","1,191.10","1,204.60","1,203.50","1,199.93","1,257.80","899.00","75,18,309","9,02,14,22,625.60","1,73,481"
"22-Aug-2024","EQ","1,182.00","1,192.60","1,176.60","1,174.85","1,190.85","1,191.10","1,187.45","1,257.80","899.00","85,64,142","10,16,94,62,494.05","2,48,029"
"21-Aug-2024","EQ","1,177.00","1,178.65","1,165.10","1,179.45","1,175.65","1,174.85","1,172.27","1,257.80","899.00","1,72,34,142","20,20,31,11,541.65","2,32,318"
"20-Aug-2024","EQ","1,174.20","1,189.80","1,170.00","1,175.90","1,177.30","1,179.45","1,181.26","1,257.80","899.00","1,04,27,061","12,31,71,05,974.95","1,79,266"
"19-Aug-2024","EQ","1,191.00","1,195.75","1,173.30","1,187.25","1,177.70","1,175.90","1,181.33","1,257.80","899.00","66,86,394","7,89,88,45,446.25","1,23,110"
"16-Aug-2024","EQ","1,170.00","1,193.00","1,165.65","1,161.65","1,188.50","1,187.25","1,181.45","1,257.80","899.00","1,09,61,370","12,95,03,02,290.60","2,33,289"
"14-Aug-2024","EQ","1,167.00","1,170.05","1,153.00","1,168.35","1,161.20","1,161.65","1,159.56","1,257.80","899.00","1,34,31,801","15,57,50,00,780.50","2,32,399"
"13-Aug-2024","EQ","1,183.20","1,189.25","1,163.60","1,172.80","1,170.45","1,168.35","1,172.48","1,257.80","899.00","1,31,17,927","15,38,04,95,808.30","2,60,022"
"12-Aug-2024","EQ","1,171.00","1,178.25","1,156.00","1,171.60","1,172.50","1,172.80","1,170.54","1,257.80","899.00","1,08,60,455","12,71,26,20,911.40","2,06,013"
"09-Aug-2024","EQ","1,176.55","1,180.95","1,169.00","1,164.60","1,170.95","1,171.60","1,173.65","1,257.80","899.00","86,87,307","10,19,58,33,284.65","1,61,291"
"08-Aug-2024","EQ","1,166.95","1,174.40","1,158.90","1,172.45","1,164.70","1,164.60","1,166.37","1,257.80","899.00","1,08,06,438","12,60,42,62,739.90","2,40,108"
"07-Aug-2024","EQ","1,178.95","1,179.80","1,161.60","1,166.85","1,173.50","1,172.45","1,170.37","1,257.80","899.00","1,57,53,644","18,43,75,24,153.20","2,68,848"
"06-Aug-2024","EQ","1,175.00","1,187.70","1,161.50","1,172.60","1,167.70","1,166.85","1,169.06","1,257.80","899.00","1,35,75,619","15,87,07,78,423.20","2,69,178"
"05-Aug-2024","EQ","1,182.00","1,188.90","1,167.00","1,196.55","1,171.85","1,172.60","1,173.69","1,257.80","899.00","1,43,06,771","16,79,16,69,195.40","3,03,083"
"02-Aug-2024","EQ","1,197.00","1,201.65","1,190.10","1,210.10","1,197.30","1,196.55","1,196.16","1,257.80","899.00","1,07,35,395","12,84,12,71,847.10","2,67,701"
"01-Aug-2024","EQ","1,212.50","1,222.65","1,206.90","1,214.90","1,208.45","1,210.10","1,213.22","1,257.80","899.00","87,25,046","10,58,53,69,513.15","1,66,589"
"31-Jul-2024","EQ","1,219.00","1,224.65","1,211.00","1,209.45","1,216.10","1,214.90","1,216.75","1,257.80","899.00","2,22,97,629","27,13,06,02,886.60","2,78,794"
"30-Jul-2024","EQ","1,213.00","1,230.85","1,204.40","1,212.70","1,206.75","1,209.45","1,216.09","1,257.80","899.00","2,39,72,277","29,15,23,65,084.55","3,26,807"
"29-Jul-2024","EQ","1,215.15","1,242.75","1,204.15","1,207.20","1,210.55","1,212.70","1,223.16","1,257.80","899.00","2,84,58,261","34,80,91,14,390.95","4,65,385"
"26-Jul-2024","EQ","1,190.00","1,220.00","1,185.95","1,197.90","1,217.00","1,207.20","1,201.61","1,257.80","899.00","1,93,09,265","23,20,22,84,062.95","2,57,813"
"25-Jul-2024","EQ","1,205.50","1,218.25","1,190.60","1,223.00","1,196.80","1,197.90","1,199.56","1,257.80","899.00","1,41,54,461","16,97,91,48,793.50","2,88,588"
"24-Jul-2024","EQ","1,225.00","1,233.65","1,202.05","1,226.75","1,226.60","1,223.00","1,217.43","1,257.80","899.00","2,01,22,521","24,49,76,89,858.50","3,03,947"
"23-Jul-2024","EQ","1,241.15","1,248.65","1,212.50","1,241.15","1,227.00","1,226.75","1,233.33","1,257.80","899.00","1,93,69,832","23,88,94,18,788.45","3,34,507"
"22-Jul-2024","EQ","1,240.00","1,245.30","1,232.90","1,248.65","1,243.00","1,241.15","1,239.95","1,257.80","899.00","99,58,965","12,34,86,52,027.55","2,12,302"
"19-Jul-2024","EQ","1,244.00","1,250.50","1,240.25","1,250.30","1,249.65","1,248.65","1,246.51","1,257.80","899.00","79,58,817","9,92,07,55,411.10","1,66,403"
"18-Jul-2024","EQ","1,234.90","1,256.45","1,231.70","1,239.90","1,248.85","1,250.30","1,246.19","1,257.80","899.00","1,09,99,632","13,70,76,37,498.20","2,60,080"
"16-Jul-2024","EQ","1,230.00","1,245.00","1,229.00","1,229.95","1,238.65","1,239.90","1,239.36","1,257.80","899.00","1,23,20,605","15,26,96,44,738.05","2,34,578"
"15-Jul-2024","EQ","1,233.10","1,238.45","1,224.05","1,232.90","1,231.00","1,229.95","1,231.32","1,257.80","899.00","1,56,12,671","19,22,42,14,819.80","4,25,864"
"12-Jul-2024","EQ","1,235.90","1,252.90","1,230.10","1,238.45","1,234.50","1,232.90","1,238.33","1,257.80","899.00","1,22,08,290","15,11,78,65,256.90","2,70,991"
"11-Jul-2024","EQ","1,246.35","1,257.80","1,225.05","1,243.20","1,240.00","1,238.45","1,238.32","1,257.80","899.00","1,13,07,116","14,00,17,86,280.20","2,54,070"
"10-Jul-2024","EQ","1,252.75","1,252.75","1,236.35","1,248.25","1,242.00","1,243.20","1,243.64","1,252.75","899.00","1,82,26,503","22,66,71,18,261.75","2,37,867"
"09-Jul-2024","EQ","1,234.95","1,250.20","1,229.30","1,235.05","1,245.75","1,248.25","1,242.29","1,250.20","899.00","1,33,66,874","16,60,54,89,307.50","2,25,750"
"08-Jul-2024","EQ","1,228.90","1,239.50","1,216.90","1,233.40","1,237.00","1,235.05","1,232.84","1,242.60","899.00","66,17,190","8,15,79,45,587.70","1,41,803"
"05-Jul-2024","EQ","1,225.00","1,242.60","1,220.85","1,233.00","1,231.85","1,233.40","1,230.96","1,242.60","899.00","95,35,575","11,73,78,94,586.90","2,22,003"
"04-Jul-2024","EQ","1,229.00","1,234.95","1,214.30","1,201.60","1,231.95","1,233.00","1,226.12","1,235.00","899.00","1,52,75,791","18,72,99,47,538.20","3,52,519"
"03-Jul-2024","EQ","1,196.85","1,215.85","1,179.45","1,190.60","1,200.00","1,201.60","1,201.88","1,235.00","899.00","2,23,30,897","26,83,91,17,475.35","3,22,655"